Size,MergeSort,InsertionSort,Timsort
100,0.00010534734853232901,0.00014529165734226504,5.9863280815382796e-06
1000,0.0013610553190422554,0.01393336100348582,5.5541672433416046e-05
5000,0.006312805654791494,N/A,0.00034831931892161566
10000,0.013609958327530572,N/A,0.0007810833243032297
20000,0.028393014004298795,N/A,0.0016565276697898905
